Workbook
Name ExternalData_1: 'Table1 (2)'!$A$1:$N$101

Sheet Table1 (2)
A1: ID | B1: Name | C1: Date | D1: q6 | E1: q7 | F1: q9, todays date | G1: q9 | H1: Phone | I1: Email | J1: Amount | K1: City | L1: Gender | M1: Product | N1: Status | O1: q4 | P1: q5 | R1: question | S1: answer
A2: 101 | B2: Chris | C2: 46090 | D2: =IF(WEEKDAY(C2)>5,"weekend","weekday") -> weekday | E2: =SUMIF(C2:C101,C4,J2:J101) -> 49303 | F2: 46101 | G2: =IF(F2-C2>7,"old order","recent order") -> old order | H2: 9897989899 | I2: chris@gmail | J2: 3232 | K2: Kochi | L2: Male | M2: Tablet | N2: Completed | O2: =IF('Table1 (2)'!$J2<=4000,"small order","large order") -> small order | P2: =IF('Table1 (2)'!$N2="completed","revenue realized","awaiting completion") -> revenue realized | R2: 1 | S2: =SUM('Table1 (2)'!$J$2:$J$101) -> 346622
A3: 102 | B3: Sarah Lee | C3: 46088 | D3: =IF(WEEKDAY(C3)>5,"weekend","weekday") -> weekend | E3: =SUMIF(C3:C102,C5,J3:J102) -> 18785 | F3: 46101 | G3: =IF(F3-C3>7,"old order","recent order") -> old order | H3: 9558386023 | I3: sarahlee@gmail | J3: 1241 | K3: Ahmedabad | L3: Male | M3: Phone | N3: Completed | O3: =IF('Table1 (2)'!$J3<=4000,"small order","large order") -> small order | P3: =IF('Table1 (2)'!$N3="completed","revenue realized","awaiting completion") -> revenue realized | R3: 2 | S3: =SUMIF('Table1 (2)'!$K$2:$K$101,K4,'Table1 (2)'!$J$2:$J$101) -> 51059
A4: 103 | B4: Michael | C4: 46091 | D4: =IF(WEEKDAY(C4)>5,"weekend","weekday") -> weekday | E4: =SUMIF(C4:C103,C6,J4:J103) -> 43430 | F4: 46101 | G4: =IF(F4-C4>7,"old order","recent order") -> old order | H4: 9327819786 | I4: michael@mail.com | J4: 2877 | K4: Delhi | L4: Male | M4: Mobile | N4: Pending | O4: =IF('Table1 (2)'!$J4<=4000,"small order","large order") -> small order | P4: =IF('Table1 (2)'!$N4="completed","revenue realized","awaiting completion") -> awaiting completion | R4: 3 | S4: =SUMIF('Table1 (2)'!$M$2:$M$101,M5,'Table1 (2)'!$J$2:$J$101) -> 84056
A5: 104 | B5: John Doe | C5: 46093 | D5: =IF(WEEKDAY(C5)>5,"weekend","weekday") -> weekday | E5: =SUMIF(C5:C104,C7,J5:J104) -> 26131 | F5: 46101 | G5: =IF(F5-C5>7,"old order","recent order") -> old order | H5: 982899679 | I5: johndoe@mail.com | J5: 4578 | K5: Delhi | L5: Male | M5: Laptop | N5: Pending | O5: =IF('Table1 (2)'!$J5<=4000,"small order","large order") -> large order | P5: =IF('Table1 (2)'!$N5="completed","revenue realized","awaiting completion") -> awaiting completion | R5: 4
A6: 105 | B6: Emily | C6: 46095 | D6: =IF(WEEKDAY(C6)>5,"weekend","weekday") -> weekend | E6: =SUMIF(C6:C105,C8,J6:J105) -> 32634 | F6: 46101 | G6: =IF(F6-C6>7,"old order","recent order") -> recent order | H6: 9860772485 | I6: emily@gmail.com | J6: 3755 | K6: Bangalore | L6: Female | M6: Tablet | N6: Pending | O6: =IF('Table1 (2)'!$J6<=4000,"small order","large order") -> small order | P6: =IF('Table1 (2)'!$N6="completed","revenue realized","awaiting completion") -> awaiting completion | R6: 5
A7: 106 | B7: Sarah Lee | C7: 46089 | D7: =IF(WEEKDAY(C7)>5,"weekend","weekday") -> weekday | E7: =SUMIF(C7:C106,C9,J7:J106) -> 46426 | F7: 46101 | G7: =IF(F7-C7>7,"old order","recent order") -> old order | H7: 9712224478 | I7: sarahlee@mail.com | J7: 4190 | K7: Mumbai | L7: Female | M7: Mobile | N7: Completed | O7: =IF('Table1 (2)'!$J7<=4000,"small order","large order") -> large order | P7: =IF('Table1 (2)'!$N7="completed","revenue realized","awaiting completion") -> revenue realized
A8: 107 | B8: Chris | C8: 46088 | D8: =IF(WEEKDAY(C8)>5,"weekend","weekday") -> weekend | E8: =SUMIF(C8:C107,C10,J8:J107) -> 49955 | F8: 46101 | G8: =IF(F8-C8>7,"old order","recent order") -> old order | H8: 9875184380 | I8: chris@mail.com | J8: 2058 | K8: Pune | L8: Male | M8: Phone | N8: Completed | O8: =IF('Table1 (2)'!$J8<=4000,"small order","large order") -> small order | P8: =IF('Table1 (2)'!$N8="completed","revenue realized","awaiting completion") -> revenue realized
A9: 108 | B9: Michael | C9: 46091 | D9: =IF(WEEKDAY(C9)>5,"weekend","weekday") -> weekday | E9: =SUMIF(C9:C108,C11,J9:J108) -> 46426 | F9: 46101 | G9: =IF(F9-C9>7,"old order","recent order") -> old order | H9: 9428520226 | I9: michael@gmail | J9: 4970 | K9: Delhi | L9: Male | M9: Laptop | N9: Pending | O9: =IF('Table1 (2)'!$J9<=4000,"small order","large order") -> large order | P9: =IF('Table1 (2)'!$N9="completed","revenue realized","awaiting completion") -> awaiting completion
A10: 109 | B10: Sarah Lee | C10: 46092 | D10: =IF(WEEKDAY(C10)>5,"weekend","weekday") -> weekday | E10: =SUMIF(C10:C109,C12,J10:J109) -> 21941 | F10: 46101 | G10: =IF(F10-C10>7,"old order","recent order") -> old order | H10: 9321418377 | I10: sarahlee@gmail.com | J10: 4108 | K10: Pune | L10: Female | M10: Laptop | N10: Completed | O10: =IF('Table1 (2)'!$J10<=4000,"small order","large order") -> large order | P10: =IF('Table1 (2)'!$N10="completed","revenue realized","awaiting completion") -> revenue realized
A11: 110 | B11: Alex | C11: 46091 | D11: =IF(WEEKDAY(C11)>5,"weekend","weekday") -> weekday | E11: =SUMIF(C11:C110,C13,J11:J110) -> 37129 | F11: 46101 | G11: =IF(F11-C11>7,"old order","recent order") -> old order | H11: 952573594 | I11: alex@mail.com | J11: 2697 | K11: Kolkata | L11: Male | M11: Phone | N11: Completed | O11: =IF('Table1 (2)'!$J11<=4000,"small order","large order") -> small order | P11: =IF('Table1 (2)'!$N11="completed","revenue realized","awaiting completion") -> revenue realized
A12: 111 | B12: Emily | C12: 46089 | D12: =IF(WEEKDAY(C12)>5,"weekend","weekday") -> weekday | E12: =SUMIF(C12:C111,C14,J12:J111) -> 37129 | F12: 46101 | G12: =IF(F12-C12>7,"old order","recent order") -> old order | H12: 9088634 | I12: emily@mail.com | J12: 2226 | K12: Delhi | L12: Male | M12: Tablet | N12: Completed | O12: =IF('Table1 (2)'!$J12<=4000,"small order","large order") -> small order | P12: =IF('Table1 (2)'!$N12="completed","revenue realized","awaiting completion") -> revenue realized
A13: 112 | B13: Jane Doe | C13: 46097 | D13: =IF(WEEKDAY(C13)>5,"weekend","weekday") -> weekday | E13: =SUMIF(C13:C112,C15,J13:J112) -> 39675 | F13: 46101 | G13: =IF(F13-C13>7,"old order","recent order") -> recent order | H13: 9327374620 | I13: janedoe@mail.com | J13: 2141 | K13: Hyderabad | L13: Male | M13: Mobile | N13: Completed | O13: =IF('Table1 (2)'!$J13<=4000,"small order","large order") -> small order | P13: =IF('Table1 (2)'!$N13="completed","revenue realized","awaiting completion") -> revenue realized
A14: 113 | B14: Sarah Lee | C14: 46097 | D14: =IF(WEEKDAY(C14)>5,"weekend","weekday") -> weekday | E14: =SUMIF(C14:C113,C16,J14:J113) -> 30576 | F14: 46101 | G14: =IF(F14-C14>7,"old order","recent order") -> recent order | H14: 909030091 | I14: sarahlee@mail.com | J14: 4944 | K14: Pune | L14: Male | M14: Mobile | N14: Pending | O14: =IF('Table1 (2)'!$J14<=4000,"small order","large order") -> large order | P14: =IF('Table1 (2)'!$N14="completed","revenue realized","awaiting completion") -> awaiting completion
A15: 114 | B15: Robert | C15: 46095 | D15: =IF(WEEKDAY(C15)>5,"weekend","weekday") -> weekend | E15: =SUMIF(C15:C114,C17,J15:J114) -> 45847 | F15: 46101 | G15: =IF(F15-C15>7,"old order","recent order") -> recent order | H15: 949786321 | I15: robert@gmail.com | J15: 5223 | K15: Pune | L15: Male | M15: Laptop | N15: Completed | O15: =IF('Table1 (2)'!$J15<=4000,"small order","large order") -> large order | P15: =IF('Table1 (2)'!$N15="completed","revenue realized","awaiting completion") -> revenue realized | R15: =SUMIF(K2:K101,K2,J2:J101) -> 21089
A16: 115 | B16: Sarah Lee | C16: 46088 | D16: =IF(WEEKDAY(C16)>5,"weekend","weekday") -> weekend | E16: =SUMIF(C16:C115,C18,J16:J115) -> 37709 | F16: 46101 | G16: =IF(F16-C16>7,"old order","recent order") -> old order | H16: 9207171738 | I16: sarahlee@mail.com | J16: 5566 | K16: Pune | L16: Male | M16: Phone | N16: Pending | O16: =IF('Table1 (2)'!$J16<=4000,"small order","large order") -> large order | P16: =IF('Table1 (2)'!$N16="completed","revenue realized","awaiting completion") -> awaiting completion | R16: =SUMIF(K2:K101,K3,J2:J101) -> 28757
A17: 116 | B17: Chris | C17: 46092 | D17: =IF(WEEKDAY(C17)>5,"weekend","weekday") -> weekday | E17: =SUMIF(C17:C116,C19,J17:J116) -> 20829 | F17: 46101 | G17: =IF(F17-C17>7,"old order","recent order") -> old order | H17: 9560797352 | I17: chris@mail.com | J17: 2080 | K17: Jaipur | L17: Male | M17: Mobile | N17: Completed | O17: =IF('Table1 (2)'!$J17<=4000,"small order","large order") -> small order | P17: =IF('Table1 (2)'!$N17="completed","revenue realized","awaiting completion") -> revenue realized | R17: =SUMIF(K2:K101,K4,J2:J101) -> 51059
A18: 117 | B18: Emily | C18: 46090 | D18: =IF(WEEKDAY(C18)>5,"weekend","weekday") -> weekday | E18: =SUMIF(C18:C117,C20,J18:J117) -> 14207 | F18: 46101 | G18: =IF(F18-C18>7,"old order","recent order") -> old order | H18: 9986023765 | I18: emily@gmail.com | J18: 3548 | K18: Bangalore | L18: Female | M18: Mobile | N18: Pending | O18: =IF('Table1 (2)'!$J18<=4000,"small order","large order") -> small order | P18: =IF('Table1 (2)'!$N18="completed","revenue realized","awaiting completion") -> awaiting completion | R18: =IF(R15>=20000,"exceeding","not exceeding") -> exceeding
A19: 118 | B19: Chris | C19: 46094 | D19: =IF(WEEKDAY(C19)>5,"weekend","weekday") -> weekend | E19: =SUMIF(C19:C118,C21,J19:J118) -> 19715 | F19: 46101 | G19: =IF(F19-C19>7,"old order","recent order") -> recent order | H19: 9239533 | I19: chris@gmail | J19: 2991 | K19: Hyderabad | L19: Male | M19: Laptop | N19: Completed | O19: =IF('Table1 (2)'!$J19<=4000,"small order","large order") -> small order | P19: =IF('Table1 (2)'!$N19="completed","revenue realized","awaiting completion") -> revenue realized
A20: 119 | B20: Chris | C20: 46093 | D20: =IF(WEEKDAY(C20)>5,"weekend","weekday") -> weekday | E20: =SUMIF(C20:C119,C22,J20:J119) -> 43767 | F20: 46101 | G20: =IF(F20-C20>7,"old order","recent order") -> old order | H20: 9309635814 | I20: chris@mail.com | J20: 3238 | K20: Delhi | L20: Female | M20: Tablet | N20: Pending | O20: =IF('Table1 (2)'!$J20<=4000,"small order","large order") -> small order | P20: =IF('Table1 (2)'!$N20="completed","revenue realized","awaiting completion") -> awaiting completion
A21: 120 | B21: Sarah Lee | C21: 46089 | D21: =IF(WEEKDAY(C21)>5,"weekend","weekday") -> weekday | E21: =SUMIF(C21:C120,C23,J21:J120) -> 38759 | F21: 46101 | G21: =IF(F21-C21>7,"old order","recent order") -> old order | H21: 9587836292 | I21: sarahlee@gmail.com | J21: 5291 | K21: Pune | L21: Female | M21: Laptop | N21: Pending | O21: =IF('Table1 (2)'!$J21<=4000,"small order","large order") -> large order | P21: =IF('Table1 (2)'!$N21="completed","revenue realized","awaiting completion") -> awaiting completion
A22: 121 | B22: Emily | C22: 46092 | D22: =IF(WEEKDAY(C22)>5,"weekend","weekday") -> weekday | E22: =SUMIF(C22:C121,C24,J22:J121) -> 34452 | F22: 46101 | G22: =IF(F22-C22>7,"old order","recent order") -> old order | H22: 9166436490 | I22: emily@gmail.com | J22: 4925 | K22: Kolkata | L22: Male | M22: Tablet | N22: Completed | O22: =IF('Table1 (2)'!$J22<=4000,"small order","large order") -> large order | P22: =IF('Table1 (2)'!$N22="completed","revenue realized","awaiting completion") -> revenue realized
A23: 122 | B23: Robert | C23: 46091 | D23: =IF(WEEKDAY(C23)>5,"weekend","weekday") -> weekday | E23: =SUMIF(C23:C122,C25,J23:J122) -> 38759 | F23: 46101 | G23: =IF(F23-C23>7,"old order","recent order") -> old order | H23: 9302112943 | I23: robert@gmail.com | J23: 5627 | K23: Pune | L23: Female | M23: Mobile | N23: Complete | O23: =IF('Table1 (2)'!$J23<=4000,"small order","large order") -> large order | P23: =IF('Table1 (2)'!$N23="completed","revenue realized","awaiting completion") -> awaiting completion
A24: 123 | B24: Anna Smith | C24: 46095 | D24: =IF(WEEKDAY(C24)>5,"weekend","weekday") -> weekend | E24: =SUMIF(C24:C123,C26,J24:J123) -> 38842 | F24: 46101 | G24: =IF(F24-C24>7,"old order","recent order") -> recent order | H24: 9651517836 | I24: annasmith@gmail.com | J24: 2836 | K24: Ahmedabad | L24: Male | M24: Phone | N24: Complete | O24: =IF('Table1 (2)'!$J24<=4000,"small order","large order") -> small order | P24: =IF('Table1 (2)'!$N24="completed","revenue realized","awaiting completion") -> awaiting completion
A25: 124 | B25: David | C25: 46091 | D25: =IF(WEEKDAY(C25)>5,"weekend","weekday") -> weekday | E25: =SUMIF(C25:C124,C27,J25:J124) -> 38842 | F25: 46101 | G25: =IF(F25-C25>7,"old order","recent order") -> old order | H25: 9456450560 | I25: david@gmail.com | J25: 3540 | K25: Delhi | L25: Male | M25: Phone | N25: Completed | O25: =IF('Table1 (2)'!$J25<=4000,"small order","large order") -> small order | P25: =IF('Table1 (2)'!$N25="completed","revenue realized","awaiting completion") -> revenue realized
A26: 125 | B26: Jane Doe | C26: 46092 | D26: =IF(WEEKDAY(C26)>5,"weekend","weekday") -> weekday | E26: =SUMIF(C26:C125,C28,J26:J125) -> 10969 | F26: 46101 | G26: =IF(F26-C26>7,"old order","recent order") -> old order | H26: 9490687752 | I26: janedoe@mail.com | J26: 4899 | K26: Kolkata | L26: Female | M26: Laptop | N26: Completed | O26: =IF('Table1 (2)'!$J26<=4000,"small order","large order") -> large order | P26: =IF('Table1 (2)'!$N26="completed","revenue realized","awaiting completion") -> revenue realized
A27: 126 | B27: Michael | C27: 46092 | D27: =IF(WEEKDAY(C27)>5,"weekend","weekday") -> weekday | E27: =SUMIF(C27:C126,C29,J27:J126) -> 26244 | F27: 46101 | G27: =IF(F27-C27>7,"old order","recent order") -> old order | H27: 9026633344 | I27: michael@mail.com | J27: 1311 | K27: Delhi | L27: Male | M27: Phone | N27: Complete | O27: =IF('Table1 (2)'!$J27<=4000,"small order","large order") -> small order | P27: =IF('Table1 (2)'!$N27="completed","revenue realized","awaiting completion") -> awaiting completion
A28: 127 | B28: David | C28: 46093 | D28: =IF(WEEKDAY(C28)>5,"weekend","weekday") -> weekday | E28: =SUMIF(C28:C127,C30,J28:J127) -> 32632 | F28: 46101 | G28: =IF(F28-C28>7,"old order","recent order") -> old order | H28: 9822113157 | I28: david@mail.com | J28: 4303 | K28: Chennai | L28: Female | M28: Phone | N28: Completed | O28: =IF('Table1 (2)'!$J28<=4000,"small order","large order") -> large order | P28: =IF('Table1 (2)'!$N28="completed","revenue realized","awaiting completion") -> revenue realized
A29: 128 | B29: Emily | C29: 46096 | D29: =IF(WEEKDAY(C29)>5,"weekend","weekday") -> weekday | E29: =SUMIF(C29:C128,C31,J29:J128) -> 30044 | F29: 46101 | G29: =IF(F29-C29>7,"old order","recent order") -> recent order | H29: 9926148 | I29: emily@gmail.com | J29: 4510 | K29: Kochi | L29: Male | M29: Tablet | N29: Complete | O29: =IF('Table1 (2)'!$J29<=4000,"small order","large order") -> large order | P29: =IF('Table1 (2)'!$N29="completed","revenue realized","awaiting completion") -> awaiting completion
A30: 129 | B30: Sarah Lee | C30: 46092 | D30: =IF(WEEKDAY(C30)>5,"weekend","weekday") -> weekday | E30: =SUMIF(C30:C129,C32,J30:J129) -> 25010 | F30: 46101 | G30: =IF(F30-C30>7,"old order","recent order") -> old order | H30: 9840168459 | I30: sarahlee@gmail.com | J30: 1605 | K30: Delhi | L30: Female | M30: Tablet | N30: Pending | O30: =IF('Table1 (2)'!$J30<=4000,"small order","large order") -> small order | P30: =IF('Table1 (2)'!$N30="completed","revenue realized","awaiting completion") -> awaiting completion
... A101: 200 | B101: Anna Smith | C101: 46093 | D101: =IF(WEEKDAY(C101)>5,"weekend","weekday") -> weekday | E101: =SUMIF(C101:C200,C103,J101:J200) -> 0 | F101: 46101 | G101: =IF(F101-C101>7,"old order","recent order") -> old order | H101: 9547591253 | I101: annasmith@mail.com | J101: 1252 | K101: Kolkata | L101: Female | M101: Laptop | N101: Pending | O101: =IF('Table1 (2)'!$J101<=4000,"small order","large order") -> small order | P101: =IF('Table1 (2)'!$N101="completed","revenue realized","awaiting completion") -> awaiting completion

Sheet MessyData
A1: ID | B1: Name | C1: Date | D1: Phone | E1: Email | F1: Amount | G1: City | H1: Gender | I1: Product | J1: Status
A2: 101 | B2: chris | C2: March 9 2026 | D2: 9897989899 | E2: chris@gmail | F2: 3,232 | G2: kochi | H2: m | I2: Tablet | J2: completed
A3: 102 | B3: Sarah Lee | C3: 7 mar 2026 | D3: 95583 86023 | E3: sarahlee@gmail | F3: 1241rs | G3: Ahmedabad | H3: male | I3: Phone | J3: done
A4: 103 | B4: MICHAEL | C4: 10/03/26 | D4: 9327819786 | E4: michael@mail..com | F4: 2877rs | G4: Delhi | H4: male | I4: MOBILE | J4: Pending
A5: 104 | B5: john doe | C5: 12-03-2026 | D5: 982899679 | E5: johndoe@@mail.com | F5: ₹4578 | G5: Delhi | H5: male | I5: laptop | J5: pending
A6: 105 | B6: emily | C6: Mar 14 2026 | D6: 98607 72485 | E6: emily@gmail.com | F6: 3,755 | G6: Bangalore | H6: Female | I6: Tablet | J6: Pending
A7: 106 | B7: Sarah Lee | C7: 08-03-2026 | D7: 9712224478 | E7: sarahlee@mail..com | F7: 4190rs | G7: mumbai | H7: F | I7: MOBILE | J7: Completed
A8: 107 | B8: chris | C8: 7 mar 2026 | D8: 98751 84380 | E8: chris@@mail.com | F8: $2058 | G8: pune | H8: M | I8: phone | J8: done
A9: 108 | B9: MICHAEL | C9: 10/03/26 | D9: 94285 20226 | E9: michael@gmail | F9: 4970rs | G9: Delhi | H9: Male | I9: Laptop | J9: Pending
A10: 109 | B10: Sarah Lee | C10: 11 mar 26 | D10: 9321418377x | E10: sarahlee@gmail.com | F10: 4108 | G10: pune | H10: f | I10: Laptop | J10: completed
A11: 110 | B11: Alex | C11: 10/03/26 | D11: 952573594 | E11: alex@mail..com | F11: $2697 | G11: Kolkata | H11: m | I11: Phone | J11: done
A12: 111 | B12: emily | C12: 08-03-2026 | D12: abc9088634 | E12: emily@mail..com | F12: 2,226 | G12: Delhi | H12: male | I12: Tablet | J12: done
... A101: 200 | B101: Anna Smith | C101: 12-03-2026 | D101: 95475 91253 | E101: annasmith@mail..com | F101: 1,252 | G101: Kolkata | H101: female | I101: laptop | J101: pending
